comment_id,create_time,ip_location,note_id,content,user_id,nickname,avatar,sub_comment_count,pictures,parent_comment_id,last_modify_ts,like_count
688e1b37000000002b020d78,1754143543000,,688e19fb0000000023025481,图5是中宏保险的，图6是平安的图7是其他家保险的对比,5659b10ae4251d628b0cdac4,yangjunat,https://sns-avatar-qc.xhscdn.com/avatar/1040g2jo31a3i7c6lng0043eosooglmm4sbsekrg?imageView2/2/w/120/format/jpg,7,,0,1765371573392,6
688eea8d000000002902b039,1754196622000,,688e19fb0000000023025481,打算给孩子买保险，人寿保险只能投保才可以看合同[哭惹R]感觉交了钱都不知道咋回事,5ab6fb774eacab099b4cf058,葳蕤芳草,https://sns-avatar-qc.xhscdn.com/avatar/1040g2jo31i3s40v678204a3spqtnfs2ots6ning?imageView2/2/w/120/format/jpg,23,,0,1765371573395,1
688e20c5000000002b006ee7,1754144966000,,688e19fb0000000023025481,中宏保险对吧，好，拉黑名单里了,5b9874daf26668000179828f,你猜我要王哪走,https://sns-avatar-qc.xhscdn.com/avatar/1040g2jo30ne5iuo0mo5g4aue8fqdl0kfif19usg?imageView2/2/w/120/format/jpg,25,,0,1765371573398,9
688f36e1000000002b02e95b,1754216161000,,688e19fb0000000023025481,中宏赔付已经是比较宽松了，会有一些通融理赔，个险获赔率是业内很高的水平，你这个确实不符合合同，确实比较倒霉，不同保险公司涵盖的病种略有差别，确实没有哪家是涵盖全的，建议换轻症打，找比较能靠上的条款往上靠，你这个是律师太不靠谱了，其实自己研究一下案例，自己重新打就行,55a92014c2bdeb7313c6dd22,止景思考笔记,https://sns-avatar-qc.xhscdn.com/avatar/1040g2jo31jmrrkgjio6g40vejug19n92959240o?imageView2/2/w/120/format/jpg,16,,0,1765371573401,9
688e30a100000000290262a6,1754149025000,,688e19fb0000000023025481,可以走恶性肿瘤切除术或者原位癌的理赔吧？非要按胆道创伤来理赔吗？而且不管肿瘤切除术还是原位癌，甚至胆道重建，它都是轻症赔付，你要他给你按重症赔付是不是有点难为人了？建议去起诉，你这个肯定能理赔，无非是按哪种赔付比例来理赔罢了,5eb6c0e400000000010031d6,Horance,https://sns-avatar-qc.xhscdn.com/avatar/5eb6c0e400000000010031d6.jpg?imageView2/2/w/120/format/jpg,39,,0,1765371573407,12
68b588f9000000003001e4c2,1756727545000,,688e19fb0000000023025481,这个中宏一年交6k，得交十几二十万，我现在巴难不得赶快得个结节肿瘤啥的，把配给我赔了然后不交保费,622777ca000000002102a274,蛋卷卷卷,https://sns-avatar-qc.xhscdn.com/avatar/1040g2jo31halkeufjo505oh7ev58d8jks1gdu80?imageView2/2/w/120/format/jpg,11,,0,1765371573409,0
688e92d9000000002a01b34f,1754174169000,,688e19fb0000000023025481,第一呢中宏的重疾本身就是特别小众的产品。根本就没有代理人推荐。一般买他们家的都是人情的。第二呢，靠诉讼。，别靠这种小红书没有用。,632559b300000000230382a4,老玉米（禁S聊了）,https://sns-avatar-qc.xhscdn.com/avatar/1040g2jo310gv7udome6g5op5b6pov0l47c035k8?imageView2/2/w/120/format/jpg,11,,0,1765371573413,3
688e3bfe000000002b02fdcc,1754151934000,,688e19fb0000000023025481,重疾险研究下来平安的最容易赔，就是略贵,61a76ea7000000002102b36a,态哥,https://sns-avatar-qc.xhscdn.com/avatar/1040g2jo30mum63s6l65g5od7dqjodcracdbbcrg?imageView2/2/w/120/format/jpg,13,,0,1765371573416,4
688edf25000000002b022aee,1754193701000,,688e19fb0000000023025481,恶性肿瘤怎么可能不算重疾呢，任何一家重疾险都包括恶性肿瘤的理赔啊，国家对于高发的31种重疾有明确规定的，就连理赔条件都是一字不差的，这家重疾险不可能例外呀,557a4bee3397db45ffd9a6ad,双胞胎宝妈Sandy,https://sns-avatar-qc.xhscdn.com/avatar/1040g2jo314geqnvl6g0040q6fr5ut9ld64dqb48?imageView2/2/w/120/format/jpg,8,,0,1765371573418,0
688ec5a4000000002b02d50b,1754187172000,,688e19fb0000000023025481,小公司产品便宜，便宜就有便宜的原因,635faeaf000000001901ff29,小红薯63606605,https://sns-avatar-qc.xhscdn.com/avatar/1040g2jo31okiubaq586g5oqvlqnmbvp99k5c1l8?imageView2/2/w/120/format/jpg,10,,0,1765371573420,1
688f5c06000000002b0155bd,1754225671000,,688e19fb0000000023025481,没看明白你这个到底是恶性还是良性呀，切的这么大，我们家和你切的是一样的，也是住院了两个月[笑哭R]，我们是胆管占位，术中做的病理确定是恶性的才切的这么大，你们不是恶性的居然也切的这么大不是很理解（我不懂哈，说的不对别介意）,5be6f79bb3d636000181a0d8,寒号鸟,https://sns-avatar-qc.xhscdn.com/avatar/665c3332d0a6d335db254c3b.jpg?imageView2/2/w/120/format/jpg,15,,0,1765371575736,0
688faaba000000002a003ed8,1754245819000,,688e19fb0000000023025481,不是恶性就全切 没有做术中冷冻吗？你们起诉医院算了,5aabe5e011be1067a9ace4b1,youth667,https://sns-avatar-qc.xhscdn.com/avatar/6365e2055550e66f03c57d6e.jpg?imageView2/2/w/120/format/jpg,1,,0,1765371575739,3
688ed09b000000002b01dba9,1754189980000,,688e19fb0000000023025481,买医疗险，不要买什么保证续保3年，6年，20年的，我们友邦出了20年保证续保的，大家还是卖一年期的，续保不续保，不是受条款制约的，真正决定是否续保的是保险公司理念和经营状况。,5e1a91dd000000000100b06c,Ronina,https://sns-avatar-qc.xhscdn.com/avatar/5ea982d5f9f9bf0001fac54a.jpg?imageView2/2/w/120/format/jpg,3,,0,1765371575742,1
688ede90000000002a00fd49,1754193553000,,688e19fb0000000023025481,重疾保单上面应该很清楚写着保哪些疾病，你这没到恶性肿瘤，疾病达不到保单上写的那些病肯定不赔啊！跟你切多少器官没关系吧？？照这样溃疡厉害了去切胃切肠子是不是也该理赔？？不过你这又不是癌为啥要切这么多？,5a8e0ae34eacab314813940d,安达路茜,https://sns-avatar-qc.xhscdn.com/avatar/1040g2jo31mah8s5p506g4a1lrr5e750d68qjaho?imageView2/2/w/120/format/jpg,5,,0,1765371575745,2
688eabc6000000002b0161c8,1754180550000,,688e19fb0000000023025481,哪家的百万医疗？不让续保的理由是什么？,5657c646e00dd82356179422,爱分享的Lace（累死）姐,https://sns-avatar-qc.xhscdn.com/avatar/5657c646e00dd82356179422.jpg?imageView2/2/w/120/format/jpg,8,,0,1765371575748,0
688fadee000000002b02eb0b,1754246638000,,688e19fb0000000023025481,"你晒出来的中宏的条款有点奇葩 为什么疾病规定有那么多那么详细的范围限定，超出范围就不保的情况[石化R][石化R] 你是买时候的健康告知有什么特殊情况吗？？

我们也买了不止一款重疾险 国家统一轻中重症定义后买的 也不是头部公司产品 但是条款比这友好很多啊PS我是确定要买这几款重疾险后 拿到合同特意研究了好几天 一字一句推敲后才敢把钱给出去 保险买的就是合同啊[汗颜R][汗颜R][汗颜R][汗颜R]",59ba2d2b82ec397a3b1b5208,momo,https://sns-avatar-qc.xhscdn.com/avatar/1040g2jo31e9i5spj0s0049ppo9mimkg8ffmmbro?imageView2/2/w/120/format/jpg,4,,0,1765371575749,0
6890a052000000002b01532e,1754308691000,,688e19fb0000000023025481,天呐，百万医疗还不给续保[哭惹R]。友邦的百万医疗没有出现过理赔后不续保的情况,5f28e7fb0000000001001d06,斜杠辣妈,https://sns-avatar-qc.xhscdn.com/avatar/1040g2jo30rdg778l1g5g5np8svtg87864ner2ng?imageView2/2/w/120/format/jpg,1,,0,1765371575752,0
688f7bd3000000002b02da38,1754233812000,,688e19fb0000000023025481,健康告知都如实告诉对方了不？,5b94bdd88812720001d19ec7,老央衫,https://sns-avatar-qc.xhscdn.com/avatar/1040g2jo31nmu2d4pmm004ass5muth7m73ltdr7o?imageView2/2/w/120/format/jpg,2,,0,1765371575753,0
688eb1540000000029024e93,1754181973000,,688e19fb0000000023025481,你在哪里做的比对，好细致,59ffede84eacab51b55241c3,涵语,https://sns-avatar-qc.xhscdn.com/avatar/2b4cefbb01e0a0824f5c173dde7f98b2.jpg?imageView2/2/w/120/format/jpg,2,,0,1765371575754,0
688f1474000000002b005172,1754207349000,,688e19fb0000000023025481,保险就是这样，合法合规但是不到发生了我们怎么知道它到底赔什么，每个公司卖你保险的时候都是只讲好处，但是有什么风险是一句不提[笑哭R][笑哭R],6372c96e00000000240168a0,🌟🌟,https://sns-avatar-qc.xhscdn.com/avatar/cd255d0e201935e0d852bd371f18c198.jpg?imageView2/2/w/120/format/jpg,1,,0,1765371575757,0
688f8164000000002903b798,1754235236000,,688e19fb0000000023025481,切完有活检结果说是癌症吗,67dc1c17000000000601d595,THIS IS YY,https://sns-avatar-qc.xhscdn.com/avatar/1040g2jo31im46ipd14005pus3gbhjlcl38mlblo?imageView2/2/w/120/format/jpg,4,,0,1765371578117,0
6892584a000000002b009957,1754421323000,,688e19fb0000000023025481,百万医疗应该不是中宏吧?,589ad4a36a6a695547821e0a,知而足,https://sns-avatar-qc.xhscdn.com/avatar/1040g2jo30scf7ldk3i504946d2aa67ga45mob70?imageView2/2/w/120/format/jpg,1,,0,1765371578120,0
688f4019000000002b005ead,1754218522000,,688e19fb0000000023025481,有一说一，你请的律师有问题，压根不熟悉国内保险,54d580cfe7798971039d1f2b,翰乔学社保险规划MA,https://sns-avatar-qc.xhscdn.com/avatar/3c27f6d3-0ec2-31a2-99bf-5f431699efde?imageView2/2/w/120/format/jpg,2,,0,1765371578123,0
689038b9000000002903ecc5,1754282169000,,688e19fb0000000023025481,"[笑哭R]我感觉你是贼倒霉。
一个是医疗处理有问题，术前判断不准确，像这种良恶性存疑的情况，术中一般会切一部分患处送术中病理，提示恶性了才会扩切。
另一个是律师也有问题，打医疗和保险的律师，对医疗知识和保险业理赔流程及相关处理要很熟悉，你这个律师明显不行",58da09ae82ec393550a93b88,🌸婉颜0233,https://sns-avatar-qc.xhscdn.com/avatar/5fe1c301446f2526f8fe1d09.jpg?imageView2/2/w/120/format/jpg,1,,0,1765371578125,2
688e1c7d000000002a00ec1c,1754143869000,,688e19fb0000000023025481,胆道重建大部分保司都有的。。。这个属于各家自定义的疾病。另外中宏的医疗险不续保好像是常态，反正这公司不太行,55d3bf5da75c953f6a4a55c0,毛桑,https://sns-avatar-qc.xhscdn.com/avatar/631b109cbd6e95f64154d609.jpg?imageView2/2/w/120/format/jpg,2,,0,1765371578129,2
688fb305000000002b02d192,1754247942000,,688e19fb0000000023025481,[呃R]原位癌能赔付吗？没有恶化，是没有转移的话，好像是轻症？,5b406b3f6b58b739047d45e4,疯帽子喜欢爱丽丝,https://sns-avatar-qc.xhscdn.com/avatar/6184fb7fc7a06fe47c545139.jpg?imageView2/2/w/120/format/jpg,5,,0,1765371578133,0
688ed874000000002a00959d,1754191989000,,688e19fb0000000023025481,你在中宏的代理人是谁？,624b98ed00000000210283dd,AK安康咨询,https://sns-avatar-qc.xhscdn.com/avatar/624b98ed00000000210283dd.jpg?imageView2/2/w/120/format/jpg,4,,0,1765371578136,0
688f357f000000002b02e900,1754215808000,,688e19fb0000000023025481,说实话，你这种情况，去打官司告医院更靠谱。良性肿瘤切这么多脏器，明显是过度治疗，被医院坑了。你这肯定不是重疾,67c98037000000000e01ea5e,淡定,https://sns-avatar-qc.xhscdn.com/avatar/645b7e90e29f7d0acadad8aa.jpg?imageView2/2/w/120/format/jpg,4,,0,1765371578139,6
688eb3ac0000000029027ce6,1754182572000,,688e19fb0000000023025481,买保险的时候就跟很多人说过理赔的严格性不一样，很多人说没那么倒霉正好赶上那几个问题，但是有一说一没到恶性很多也是不赔重疾的,5f9bd8640000000001004c7f,想瘦到100斤的一一（已瘦14斤）,https://sns-avatar-qc.xhscdn.com/avatar/1040g2jo31jc1q9bjj2005nsrr1i08j3v53fhmh0?imageView2/2/w/120/format/jpg,2,,0,1765371578141,0
688ef2730000000029025456,1754198644000,,688e19fb0000000023025481,有一说一，病理包含也不是恶性啊，没有保险公司赔啊，而是良性的切6个器官，不应该找医院吗？,653b41ef000000000301d32c,二狗子它娘,https://sns-avatar-qc.xhscdn.com/avatar/1040g2jo316arvpb0io005p9r87ngrkpc1ch0bj8?imageView2/2/w/120/format/jpg,2,,0,1765371578143,4
6896d85c000000002a01a027,1754716253000,,688e19fb0000000023025481,为什么不直接赔恶性肿瘤？,60edb640000000000101e83a,睡觉大魔王,https://sns-avatar-qc.xhscdn.com/avatar/1000g2jo2oeo4p3uji0505o7dmp00bq1qfac97n0?imageView2/2/w/120/format/jpg,1,,0,1765371580474,0
688ec20f0000000029036226,1754186255000,,688e19fb0000000023025481,推销的时候含糊其辞，说只要大病都能保，老百姓认知里面的大病就是动手术和住院，要理赔了就拿着合同一字一字解读那些医科毕业才能懂的专业名词，然后说你买错保险了，最好再附加其他的，这样保障才全面。监管可以来管一下了，那么多套路的保险，到底对老百姓是保障还是坑，反正我看那些大保司一年利润都是几千亿，到处投资房地产。,5bb76665c91fa100018c1325,妤妤,https://sns-avatar-qc.xhscdn.com/avatar/1040g2jo31iq33uq1he704balofj6a4p515uvlv0?imageView2/2/w/120/format/jpg,2,,0,1765371580477,4
689fd9480000000027008eb6,1755306312000,,688e19fb0000000023025481,非常认真的把全部内容都仔细看了3遍，你遇到的这个问题啊，首先向您表示十分的关注和同情。你在购买这个保险的过程中，我觉得最大的问题是遇到了一个非常不负责任的、不专业的、不靠谱的保险代理人或者是经纪人。,67bbe609000000000a03c8dd,东方大熊熊,https://sns-avatar-qc.xhscdn.com/avatar/1040g2jo31kgib7k630605ptrso4ini6tvriko10?imageView2/2/w/120/format/jpg,1,,0,1765371580480,0
688ec565000000002a00f7ae,1754187110000,,688e19fb0000000023025481,这就是大公司跟小公司的区别，很多公司买的时候便宜，是因为条款很苛刻，理赔难，大公司虽然贵一些，但条款宽松，理赔容易。,60e16d2a0000000001004138,岩西做养老,https://sns-avatar-qc.xhscdn.com/avatar/1040g2jo31441uio3hc005o71dkl08g9o0l9eji0?imageView2/2/w/120/format/jpg,4,,0,1765371580483,0
68a2b1380000000030025b1b,1755492664000,,688e19fb0000000023025481,"病理切片检查不是恶性，这个怎么能理赔得到钱呢。
还有一点，为什么不再多找医院看看，是否可以做微创手术先取出部分拿来做活检，而不是再没有定性的时候就动大刀，就没有怀疑过是医院过度医疗的问题。",65e46fa0000000000500bb50,姗姗的投保策略,https://sns-avatar-qc.xhscdn.com/avatar/1040g2jo31prantl94k005pf4dug19eqg25euiv8?imageView2/2/w/120/format/jpg,1,,0,1765371580486,2
68956bca000000002b018b14,1754622922000,,688e19fb0000000023025481,可以诉讼理赔 保险公司的条款 又不是法律 完全可以争取,5b352f5ff7e8b953c330152d,永达理保险斌哥,https://sns-avatar-qc.xhscdn.com/avatar/1040g2jo31obgq02t6g5g4a6lq7nlu59dms6kce8?imageView2/2/w/120/format/jpg,1,,0,1765371580488,0
68902f610000000029029a64,1754279778000,,688e19fb0000000023025481,你先找主治医生沟通，让他明确疾病，告诉他涉及保险理赔，然后可以再找保司找律师，投诉到银保监，这些都可以去争取，就是比较耗费时间精力……,5db02fcf00000000010042b5,心丶晴,https://sns-avatar-qc.xhscdn.com/avatar/1040g2jo31iqms3861a6g5ndg5v7g8gll3sp90ro?imageView2/2/w/120/format/jpg,1,,0,1765371580490,0
688f035800000000290315e6,1754202968000,,688e19fb0000000023025481,哇，又是中宏保险，这个重疾的条款就很迷，由外伤引起的才算，疾病的竟然不算，如果不是专业人士，普通老百姓谁能每一条都看得明白啊，中宏的很多条款都是专门设计的坑人的。避雷中宏保险！！！,5576806358944676d9acc903,伊辰,https://sns-avatar-qc.xhscdn.com/avatar/5576806358944676d9acc903.jpg?imageView2/2/w/120/format/jpg,2,,0,1765371580493,0
688eb949000000002b00ad05,1754184010000,,688e19fb0000000023025481,杨老板  我买的ZFB上面的 还行额 住院医疗赔了 感觉还是蚂蚁的靠谱，这保险听都没听过[笑哭R],5d11829b00000000120393ba,Tilapia2025,https://sns-avatar-qc.xhscdn.com/avatar/1040g2jo31m65tfmu666g5n8hgadkn4tq4ss5p1o?imageView2/2/w/120/format/jpg,1,,0,1765371580494,0
689182d5000000002b02eebb,1754366677000,,688e19fb0000000023025481,重症有定义的呀，不是癌症不管你切多少个器官都不能算重症啊。现在很多律师权打官司只是为了赚律师费，很多根本不符合条件都劝你走法律途径。,5f095f0a00000000010005de,小柿子,https://sns-avatar-qc.xhscdn.com/avatar/65f2f94a1013e75f79307fc8.jpg?imageView2/2/w/120/format/jpg,0,,0,1765371580496,0
68bbd0f0000000003002324a,1757139184000,,688e19fb0000000023025481,百万医疗给你报了多少呀,5b2fc7aae8ac2b1ab663eb90,吃货达人,https://sns-avatar-qc.xhscdn.com/avatar/411309441983cdc4ce073ff8da73b5b6.jpg?imageView2/2/w/120/format/jpg,0,,0,1765371582770,0
689bfe82000000003001c6dc,1755053698000,,688e19fb0000000023025481,律师主要是为了赚钱，有时候先协商更好，对照合同条款和病历找找能赔的依据,607c54c00000000001005d68,提钱退休的高高,https://sns-avatar-qc.xhscdn.com/avatar/1040g2jo31o681jhgmm6g5o3saj008nb88d68pcg?imageView2/2/w/120/format/jpg,0,,0,1765371582774,0
6893ab5e000000002a00dc93,1754508127000,,688e19fb0000000023025481,和香港保险差太多了 好夸张 又贵又不赔 纯感慨 自己人坑自己人,57e1355182ec3945d2748e93,安德鲁是个香港保险佬,https://sns-avatar-qc.xhscdn.com/avatar/1040g2jo31ba9k7qe6o1048n09tql33kjhjgtdh0?imageView2/2/w/120/format/jpg,0,,0,1765371582776,0
688ee49c000000002b01fb2b,1754195101000,,688e19fb0000000023025481,按条款赔，条款没有，你切光了也没用。,6073b1df000000000101e3d8,人生长镜头,https://sns-avatar-qc.xhscdn.com/avatar/ae351b5abc78ae2e8d79998354db8440.jpg?imageView2/2/w/120/format/jpg,1,,0,1765371582779,3
6922c33c000000001600d48b,1763885885000,四川,688e19fb0000000023025481,中宏条款的坑特别多，大家一定避雷,549c1231b4c4d65d7a9db0ee,笑笑fcr,https://sns-avatar-qc.xhscdn.com/avatar/1040g2jo30s6tolql2i60400v39933c7ee8mfio8?imageView2/2/w/120/format/jpg,0,,0,1765371582780,0
68932f33000000002902bfa4,1754476340000,,688e19fb0000000023025481,一人卖保险,6640ae720000000003032cce,黄河,https://sns-avatar-qc.xhscdn.com/avatar/645b6b2504c28aa15eab1dac.jpg?imageView2/2/w/120/format/jpg,0,,0,1765371582782,1
6890c0c7000000002a002196,1754316999000,,688e19fb0000000023025481,保险都是骗子[斜眼R],61d6f3b80000000010008f92,可可GG,https://sns-avatar-qc.xhscdn.com/avatar/61d6f3b80000000010008f92.jpg?imageView2/2/w/120/format/jpg,0,,0,1765371582784,1
689ebb9f00000000300138f4,1755233183000,,688e19fb0000000023025481,百万医疗给停了确实有点儿过分了,605d777b0000000001006dbf,送你一朵小红花,https://sns-avatar-qc.xhscdn.com/avatar/615cb45aa60212037b66a37f.jpg?imageView2/2/w/120/format/jpg,0,,0,1765371582785,0
689ffbd8000000003000edba,1755315160000,,688e19fb0000000023025481,打官司呀 坐等结果,5ae717b74eacab5fa451d9a0,城市山顶洞人,https://sns-avatar-qc.xhscdn.com/avatar/5ae7182814de413760beb257.jpg?imageView2/2/w/120/format/jpg,0,,0,1765371582786,0
689034b5000000002b02c3f8,1754281142000,,688e19fb0000000023025481,一样的，条款写了恶性没有扩散,5b6cd73d2915790001272892,鱼鱼家的喵喵,https://sns-avatar-qc.xhscdn.com/avatar/5b6cd73d2915790001272892.jpg?imageView2/2/w/120/format/jpg,0,,0,1765371582787,0
6890068200000000290384e3,1754269314000,,688e19fb0000000023025481,重疾重症有国家标准的，建议看下文件《重大疾病保险的疾病定义使用规范（2020年修订版）》。感觉医院问题很大，切了这么多，居然不是恶性肿瘤。,608570350000000001006352,vc,https://sns-avatar-qc.xhscdn.com/avatar/1000g2jo2jevvqtej205g5omvjq5lb7d8h43u6s0?imageView2/2/w/120/format/jpg,0,,0,1765371585103,1
68aad1240000000030030d22,1756025125000,,688e19fb0000000023025481,保险就是这也不赔那也不赔[捂脸R],6777bd41000000001801f312,叶风回,https://sns-avatar-qc.xhscdn.com/avatar/1040g2jo31c6kb2higu6g5prnnl0m3soi5oq7nkg?imageView2/2/w/120/format/jpg,0,,0,1765371585106,0
689759bf000000002a004a2a,1754749375000,,688e19fb0000000023025481,我买的中宏重疾，保费进两万，要二十年，保额40万，可以三次，但是也感觉不划算,64366e4e000000000e01ca79,哈基米不改名,https://sns-avatar-qc.xhscdn.com/avatar/cd255d0e201935e0d852bd371f18c198.jpg?imageView2/2/w/120/format/jpg,0,,0,1765371585109,0
689456e3000000002b0082bf,1754552036000,,688e19fb0000000023025481,感觉你这个第一应该起诉医院，这毛病不应该这么治疗。,5572c8335894462d8f697ed2,北斗星火,https://sns-avatar-qc.xhscdn.com/avatar/6482eea462f617296a6b4290.jpg?imageView2/2/w/120/format/jpg,0,,0,1765371585112,0
68908351000000002903cf8d,1754301266000,,688e19fb0000000023025481,只能安慰一下了[红色心形R]买保险还是要看看条款的,5f49d6a5000000000101e5b3,东东,https://sns-avatar-qc.xhscdn.com/avatar/1040g2jo30urtn00h5c6g5nq9qqigbpdjh8qau1o?imageView2/2/w/120/format/jpg,0,,0,1765371585116,0
68b12696000000000b029d5f,1756440214000,,688e19fb0000000023025481,就是骗子保险,672c0449000000001c0194fc,发达嘞2.0版,https://sns-avatar-qc.xhscdn.com/avatar/1040g2jo31dlonvjk106g5ppc0h4n357saqcn8jg?imageView2/2/w/120/format/jpg,0,,0,1765371585119,0
688edcbe000000002a00f541,1754193087000,,688e19fb0000000023025481,你的诊断报告本身就是良性肿瘤啊，异性增生，诊断书明明白白的写着，不管是不是中宏，别的保险公司一样不可能赔的呀，条款已经很清晰的存在，大家事实客观一点吧。保险公司主要就是根据医生的诊断报告，看到评论事后诸葛亮的这些保险公司说辞也是无语，,5eaa2a700000000001005b85,向向和来福,https://sns-avatar-qc.xhscdn.com/avatar/1040g2jo31c98hdvnge5g5nla59o08ms5cg2sf1o?imageView2/2/w/120/format/jpg,0,,0,1765371585121,10
689028c4000000002903db44,1754278085000,,688e19fb0000000023025481,能有好的服务要买高额的，富人圈口碑重要也舍得打官司。保险公司要赚钱的，普惠型只可能是政府服务。偶尔发布几个好案例，让老百姓相信买保险的好处，就会有大批人拿钱养保险公司[吃瓜R]。,644bbbbd000000001002acd8,炸带鱼,https://sns-avatar-qc.xhscdn.com/avatar/1040g2jo31d15jf95165g5p2bneuk5b6o49l3vkg?imageView2/2/w/120/format/jpg,0,,0,1765371585123,0
68a45e610000000027002f37,1755602530000,,688e19fb0000000023025481,"这个官司应该打不赢，交界性肿瘤，的确不属于原位癌和轻度恶性肿瘤，胆道重建不包括疾病，律师以什么缘由起诉呢？
法律是讲证据的，可不是乱来的",67edf23f000000000700002e,张张先生保险咨询,https://sns-avatar-qc.xhscdn.com/avatar/1040g2jo31krcbr9c306g5pvdu8vho01emr1g2eo?imageView2/2/w/120/format/jpg,0,,0,1765371585125,0
6890ef11000000002902da7f,1754328850000,,688e19fb0000000023025481,问问AI,584ce05e82ec390949072454,契七七七七七,https://sns-avatar-qc.xhscdn.com/avatar/53ba1722242c3e9344db7b0fc2e1005f.jpg?imageView2/2/w/120/format/jpg,0,,0,1765371585127,0
68db84d300000000390275f4,1759216852000,,688e19fb0000000023025481,这么坑啊。,67675338000000001801e79c,远离负能量,https://sns-avatar-qc.xhscdn.com/avatar/1040g2jo31nhssoill06g5pr7acs63pssnqce860?imageView2/2/w/120/format/jpg,0,,0,1765371587428,0
688e98f2000000002903e7df,1754175731000,,688e19fb0000000023025481,因外伤引起的胆道重建手术跟疾病引起的胆道重建手术难道就不一样了？不都是胆道重建嘛，这个中宏确实坑！专空子啊？！这个怎么维权@中宏保险，@消费者报道，@中国消费者315评测@央视财经-健康说,5a94cf4ce8ac2b2076e2ef84,木子妈妈,https://sns-avatar-qc.xhscdn.com/avatar/5a94cfa5d2c8a57d7d7a8275.jpg?imageView2/2/w/120/format/jpg,3,,0,1765371587431,1
68a162d90000000030005457,1755407065000,,688e19fb0000000023025481,这个,652c7efb000000002b000cad,贝贝和清华爸爸,https://sns-avatar-qc.xhscdn.com/avatar/65fb594e6a6701c593ad032e.jpg?imageView2/2/w/120/format/jpg,0,,0,1765371587434,0
68901e9e000000002a01a218,1754275486000,,688e19fb0000000023025481,@怎么一饿就生气,5e429ff300000000010005d1,兔子秃子秃,https://sns-avatar-qc.xhscdn.com/avatar/1040g2jo3188da6u20q005ni2jvpg81ehov56rk8?imageView2/2/w/120/format/jpg,0,,0,1765371587437,0
688ffff8000000002a018a15,1754267641000,,688e19fb0000000023025481,良性肿瘤，不算重疾。轻症没有统一标准，就看各家的条款了,63564c94000000001802b151,非典型前码农,https://sns-avatar-qc.xhscdn.com/avatar/63564c94000000001802b151.jpg?imageView2/2/w/120/format/jpg,0,,0,1765371587441,0
688ffe9c000000002b0230d2,1754267292000,,688e19fb0000000023025481,那中宏古早的条款和平安现在的条款比就没意思了吧[抠鼻R],54e7f87ab4c4d642ce829b3c,双面么么,https://sns-avatar-qc.xhscdn.com/avatar/54e7f87ab4c4d642ce829b3c.jpg?imageView2/2/w/120/format/jpg,6,,0,1765371587444,2
688f745d000000002903c968,1754231901000,,688e19fb0000000023025481,我做了八年理赔，除了一个投保前没有如实告知的全都赔付了，少的30万，多的100万，你家人那么大手术拒赔肯定有原因,59c4601644363b0774dd0f1a,momo,https://sns-avatar-qc.xhscdn.com/avatar/1040g2jo31opq1g8f0s0049qsf6g1c3oq90vum78?imageView2/2/w/120/format/jpg,0,,0,1765371587446,2
688f71ca000000002b02f785,1754231242000,,688e19fb0000000023025481,商业医疗险不就是这也不赔那也不赔么。。不然人家还赚什么钱，而且人家最向往的就是美国那种AI审核赔偿。就算在美国法律维权意识看起来那么强的地方都只有几个%的人去通过法律武器维权，更何况国内[笑哭R],65dddba4000000000500df73,川味猫肉王,https://sns-avatar-qc.xhscdn.com/avatar/1040g2jo30vmbfc37lsk05petrei19nrj8akib4o?imageView2/2/w/120/format/jpg,0,,0,1765371587448,0
688f6d19000000002b019e64,1754230042000,,688e19fb0000000023025481,因外伤没有加黑，更不可能解释。免责无效。,658cf9c4000000002200b164,联系,https://sns-avatar-qc.xhscdn.com/avatar/645b7c0d1d74d41345e61461.jpg?imageView2/2/w/120/format/jpg,0,,0,1765371587449,1
688f6c21000000002903f845,1754229793000,,688e19fb0000000023025481,没病理吗,5572b78341a2b31035512def,帅帅帅！,https://sns-avatar-qc.xhscdn.com/avatar/5572b78341a2b31035512def.jpg?imageView2/2/w/120/format/jpg,0,,0,1765371587451,0
688f68cd000000002a007a85,1754228942000,,688e19fb0000000023025481,非恶性肿瘤，好事[捂脸R],5b43847bf7e8b90afcdbe3a4,阿蟹蟹,https://sns-avatar-qc.xhscdn.com/avatar/5b43847bf7e8b90afcdbe3a4.jpg?imageView2/2/w/120/format/jpg,0,,0,1765371589760,0
688f62ca000000002b016880,1754227403000,,688e19fb0000000023025481,贪小便宜吃大亏,55824797b7ba22020f646e0d,阿福和阿土,https://sns-avatar-qc.xhscdn.com/avatar/55824797b7ba22020f646e0d.jpg?imageView2/2/w/120/format/jpg,0,,0,1765371589763,0
688f525f000000002a005eaa,1754223199000,,688e19fb0000000023025481,良性肿瘤，不赔很正常啊,5f48f2d2000000000101e5e6,momo,https://sns-avatar-qc.xhscdn.com/avatar/1040g2jo311mnlq3sn2005nq8ub90bpf6j58ht3g?imageView2/2/w/120/format/jpg,0,,0,1765371589766,0
688f1c920000000029030ff6,1754209427000,,688e19fb0000000023025481,跟医院闹，你这个医院绝对有责任，没有术前讨论吗，有没有术前病理探查，这么大的手术切出来良性绝对有问题，三四十万应该差不多,6051fbe6000000000100b641,海鲜米线,https://sns-avatar-qc.xhscdn.com/avatar/1040g2jo31dr1brt9gu5g5o2hvfj09di1jaettro?imageView2/2/w/120/format/jpg,0,,0,1765371589769,0
688ee7f6000000002a0063c3,1754195959000,,688e19fb0000000023025481,小公司的不能买,5a26089a4eacab5e59abdd27,jessy,https://sns-avatar-qc.xhscdn.com/avatar/5a26089bb46c5d146baee3ef.jpg?imageView2/2/w/120/format/jpg,0,,0,1765371589772,0
688ee512000000002b018c0b,1754195219000,,688e19fb0000000023025481,百万医疗哪一家啊?,647188fc000000001f006aee,莉莉,https://sns-avatar-qc.xhscdn.com/avatar/53ba1722242c3e9344db7b0fc2e1005f.jpg?imageView2/2/w/120/format/jpg,0,,0,1765371589774,0
688ed3e4000000002a00be9a,1754190822000,,688e19fb0000000023025481,现在的条款里面含疾病,5e611bea0000000001007b8e,小美满,https://sns-avatar-qc.xhscdn.com/avatar/1040g2jo30p2j3ahgjq605nj13fl08usef528vi8?imageView2/2/w/120/format/jpg,0,http://sns-webpic-qc.xhscdn.com/202512102059/f01856ffa1cf3e9ac20ee931f351e37f/comment/1040g2h031kn5jhte3q6g5nj13fl08useh0duta8!nd_whlt34_webp_wm_1,0,1765371589777,0
688ec095000000002903a82b,1754185878000,,688e19fb0000000023025481,你的这个手术病历不全没法完整的给建议，如果胆道重建赔不了，看看有没有严重肠道疾病及并发症这条，看你画的那块感觉切除的器官也比较多。另外友邦的重疾也是胆道重建术，不知道你对比的胆总管吻合术是什么时候的产品？,6069188800000000010006de,逍遥,https://sns-avatar-qc.xhscdn.com/avatar/6069188800000000010006de.jpg?imageView2/2/w/120/format/jpg,0,,0,1765371589778,0
688eb946000000002b01a6bd,1754184006000,,688e19fb0000000023025481,这么坑的公司，以后多注意了,6093161b000000000101dd37,细水长流,https://sns-avatar-qc.xhscdn.com/avatar/6093161b000000000101dd37.jpg?imageView2/2/w/120/format/jpg,0,,0,1765371589781,0
688ea965000000002a005a68,1754179941000,,688e19fb0000000023025481,哪家的医疗险？,5984828050c4b4388e4a2761,超趣无忧,https://sns-avatar-qc.xhscdn.com/avatar/1040g2jo30qsmm74d146g49ndak1809r1f6pgma8?imageView2/2/w/120/format/jpg,0,,0,1765371589783,0
688e2b54000000002a01091d,1754147668000,,688e19fb0000000023025481,参考保险法第16条,59d859a251783a51a64544c6,风清扬论险,https://sns-avatar-qc.xhscdn.com/avatar/1040g2jo31kjvkb6s366g49sd8kcq4h669fn9dn0?imageView2/2/w/120/format/jpg,0,,0,1765371592142,1
688e28cf0000000029036c66,1754147023000,,688e19fb0000000023025481,中宏保险，保障了什么，没用的保障，损害人民的利益,61b84e8e00000000100083ea,🦄 小㐑,https://sns-avatar-qc.xhscdn.com/avatar/61b84ee549112df6a852005a.jpg?imageView2/2/w/120/format/jpg,0,,0,1765371592144,1
688e253b000000002b0227f1,1754146108000,,688e19fb0000000023025481,黑心的保险公司，只收钱，钻空子,5bf12e8fda9ae10001fbbe6a,无辰、,https://sns-avatar-qc.xhscdn.com/avatar/5bf12e8fda9ae10001fbbe6a.jpg?imageView2/2/w/120/format/jpg,0,,0,1765371592147,1
688e22710000000029031d0e,1754145394000,,688e19fb0000000023025481,中宏保险，没听过，避雷啊，大家一定要注意,6498e31100000000110009bf,Rebirth,https://sns-avatar-qc.xhscdn.com/avatar/d784fc20c996f3d2f39d034c404f234e.jpg?imageView2/2/w/120/format/jpg,0,,0,1765371592150,2
688e1f43000000002a0088d2,1754144580000,,688e19fb0000000023025481,避雷这个保险公司，买这玩意就是要关键时刻用的，这不给用也太坑了,5ad30149e8ac2b182a0709ee,盒子里的猫,https://sns-avatar-qc.xhscdn.com/avatar/1040g2jo30sgispa5je004a4i480ki2feoqjohk0?imageView2/2/w/120/format/jpg,0,,0,1765371592156,2
688e1c50000000002a00dccd,1754143825000,,688e19fb0000000023025481,我的交界瘤拒赔重疾险的胜诉判决私信发你了，希望对你有帮助。,6459b028000000001400eec5,君审保险律师事务所,https://sns-avatar-qc.xhscdn.com/avatar/65f106833d890a00013b09d8.jpg?imageView2/2/w/120/format/jpg,0,,0,1765371592157,0
688ea69e000000002b021ef9,1754179231000,,688e19fb0000000023025481,砖家说了，国家规定的高发的28+3理赔标准各家都一样，不用看疾病条款[抠鼻R]砖家就是忽悠一个是一个[抠鼻R]买那些网络保单的，多少年后哭都没有机会[抠鼻R],60482fbe000000000101caca,溜达溜达,https://sns-avatar-qc.xhscdn.com/avatar/644e7a89a870649a58535a24.jpg?imageView2/2/w/120/format/jpg,13,,0,1765371592159,4
688ed467000000002b02d03a,1754190952000,,688e19fb0000000023025481,说你笨你还知道发网上，说你聪明吧，你找律师输了。,66d72488000000001d0232a4,赫连军,https://sns-avatar-qc.xhscdn.com/avatar/1040g2jo317r25bhd3q605pmn4i47ccl4b721gi0?imageView2/2/w/120/format/jpg,5,,0,1765371592161,3
688e291f000000002902732f,1754147105000,,688e19fb0000000023025481,"​1️⃣关于交界性肿瘤，2021.2.1重疾新规之后都不算恶性肿瘤，交了四年要明确是新规条款还是旧版条款，旧版更利于理赔
​
​2️⃣对于医疗险要确定保险公司断保的原因，诸如有没有可能投保时候不符合健康问卷，符合健康问卷理赔就断保真是很恶，强烈谴责【敲黑板，选择医疗险看到有人以财产险公司不能选为论断😰其实重点该看：1.医疗险业务占比，哪怕是寿险公司，业务占比小，人家按条款一年期不让续就不让了，这种业务说舍弃就舍弃；2.在业内的规模，相对体量越大越好】",5fff02540000000001001cff,wufeifeiwei,https://sns-avatar-qc.xhscdn.com/avatar/6410a5cf1633662142fdc1e3.jpg?imageView2/2/w/120/format/jpg,5,http://sns-webpic-qc.xhscdn.com/202512102059/e00f61d27df1fccd16383ece555a1257/comment/1040g2h031kmgoffjio5g5nvv09a0877vqqjl700!nd_whgt34_webp_wm_1,0,1765371592162,3
688e31b00000000029026783,1754149296000,,688e19fb0000000023025481,避雷了，刚看了我的友邦，这个胆道重建是算重疾的,583db5176a6a690c55d5c8c5,有何不可💋,https://sns-avatar-qc.xhscdn.com/avatar/620c40ef101cfb792e85a021.jpg?imageView2/2/w/120/format/jpg,18,,0,1765371592164,2
691a6fde000000003900979a,1763340255000,上海,688e19fb0000000023025481,就是必须癌症恶性重症导致的费用才理赔吧，但是你家这个发现很及时，没到恶性程度，所以就不理赔后续的起医药费了，是这个意思吗？[汗颜R],6389bd75000000001f01f7fb,不想想名字🙄,https://sns-avatar-qc.xhscdn.com/avatar/1040g2jo31ldhvgt7lo005os9nlqnrtvrm1nk250?imageView2/2/w/120/format/jpg,0,,0,1765371594454,0
68ad7096000000003002935a,1756197014000,,688e19fb0000000023025481,我滴妈～自己都说了切完了病理非恶性，也没转移，你申请重疾理赔不赔不是正常么？这时候你不应该找医院看看是否过度医疗么,61599e130000000002022f42,伊甸园亲子,https://sns-avatar-qc.xhscdn.com/avatar/1040g2jo30vsq5cusm0605oapjo9gkbq24iigv20?imageView2/2/w/120/format/jpg,1,,0,1765371594458,1
689040c2000000002903f30f,1754284226000,,688e19fb0000000023025481,只能说，犄角旮旯的每个公司都没有完美。,5c626704000000001103b433,大头菜的保险屋,https://sns-avatar-qc.xhscdn.com/avatar/5e5b2828da40140001c9ac68.jpg?imageView2/2/w/120/format/jpg,0,,0,1765371594462,0
68903fb5000000002b01f4fe,1754283958000,,688e19fb0000000023025481,该说不说，中宏最垃圾了。我已经拉黑了这个保险公司，业务员素质也很差。,54e57ae5e7798931ed455a41,小小嬿,https://sns-avatar-qc.xhscdn.com/avatar/62bb100e13ab526ecfbe13d6.jpg?imageView2/2/w/120/format/jpg,1,,0,1765371594465,0
688f6e4e000000002b01c786,1754230350000,,688e19fb0000000023025481,律师太差了,658cf9c4000000002200b164,联系,https://sns-avatar-qc.xhscdn.com/avatar/645b7c0d1d74d41345e61461.jpg?imageView2/2/w/120/format/jpg,0,,0,1765371594468,1
688f45e8000000002a007d70,1754220009000,,688e19fb0000000023025481,保险只有高端医疗消费险和公司给你买的商业保险最有用 其他都是狗屁,5643c3d40bf90c63f2d637d4,喵呜少女,https://sns-avatar-qc.xhscdn.com/avatar/1040g2jo31e9lq34o0e6g42bdlv1t8duktdr1b48?imageView2/2/w/120/format/jpg,0,,0,1765371594470,0
688ef44c0000000029025c8b,1754199117000,,688e19fb0000000023025481,什么鬼保险公司[汗颜R]听都没听过[汗颜R],611f539d000000000100af35,半糖主义🍬,https://sns-avatar-qc.xhscdn.com/avatar/1040g2jo31pn8bkb1km6g5o8vaeeg9bpldrsq8f0?imageView2/2/w/120/format/jpg,0,,0,1765371594472,0
688ee5660000000029029478,1754195302000,,688e19fb0000000023025481,哎,5c05b50c000000000700a208,阿凡,https://sns-avatar-qc.xhscdn.com/avatar/1040g2jo31jl2nrv2346g4buq9jqgp8g8p6dvng0?imageView2/2/w/120/format/jpg,0,,0,1765371594474,0
688e9ec9000000002b02c0b3,1754177225000,,688e19fb0000000023025481,重疾险，每个保司对赔付赔付疾病的限定条件不一样，同一种疾病有些限定宽松有些限定严格，所以最好是做一个组合来买，把保额拆开两份重疾险，然后买医疗险，一定要去关注头部保司的医疗险产品，像平安众安的，买的人多，不担心赔穿，而且，哪怕不是保证续保的理赔了之后都会给你继续购买,5ccd5f360000000012000fe7,森森保险,https://sns-avatar-qc.xhscdn.com/avatar/1040g2jo31p0ralb0isd05n6dbsr4g3v7qhc70qo?imageView2/2/w/120/format/jpg,0,,0,1765371594476,0
688e9b390000000029030736,1754176314000,,688e19fb0000000023025481,什么垃圾保险，收钱就积极的狠。真需要你的时候就是这不行，那不行的,634aa40d000000001901f53e,醒悟,https://sns-avatar-qc.xhscdn.com/avatar/1040g2jo30villka2lu6g5oqakg6mbt9u5n9gsd8?imageView2/2/w/120/format/jpg,0,,0,1765371594478,0
688e25e1000000002b0093f8,1754146273000,,688e19fb0000000023025481,黑心！,636c9961000000001f01908d,猎聘HRO人力资源项目部,https://sns-avatar-qc.xhscdn.com/avatar/1040g2jo31fmou4fs00005orcj5gnr44dbvrtc0g?imageView2/2/w/120/format/jpg,0,,0,1765371596757,1
688e20c4000000002a001c4f,1754144964000,,688e19fb0000000023025481,什么垃圾保险公司啊，完全是害人啊，太坑了，壁雷已转发[偷笑R],59375e0650c4b42969323c9e,柳西蒙,https://sns-avatar-qc.xhscdn.com/avatar/63fd7374e0c1f7ae995c1fe4.jpg?imageView2/2/w/120/format/jpg,1,,0,1765371596760,1
688e1cb3000000002a00ff2d,1754143923000,,688e19fb0000000023025481,中宏保险真是坑！以后谁还敢买呢？老百姓一点保障都没有，难道不应该严查吗？就没我靠谱的保险吗,59375e0650c4b42969323c9e,柳西蒙,https://sns-avatar-qc.xhscdn.com/avatar/63fd7374e0c1f7ae995c1fe4.jpg?imageView2/2/w/120/format/jpg,0,,0,1765371596763,0
64df7c3a000000001c014960,1692367930000,,64df2244000000000c035b2c,这个产品不建议退，09年38岁目前也52了，买不到其他这个价格的重疾产品了，而且附加了住院医疗，虽然保额不高但也有4000一年保费290也是尚可，随着年龄的增长会用到，这个产品分红不算低，现在应该红利也有几千块可以取出支付保费，也可以放在里面有利息，去年的时候利率还是3%，今年的变动可以在微信官微查询，如果没有发生重疾和身故理赔80岁时给15万,5645b5a2c2bdeb7f5fa63ade,Nora.Sun 佳🐳,https://sns-avatar-qc.xhscdn.com/avatar/5c61d546ecf16100012e6d6f.jpg?imageView2/2/w/120/format/jpg,32,,0,1765371601124,20
654866a1000000002002b082,1699243685000,,64df2244000000000c035b2c,哪位大神帮我看看，这个保险坑吗？,58d25bc482ec3961518e9af5,月出皎兮,https://sns-avatar-qc.xhscdn.com/avatar/1040g2jo30qsioduu0s6049b516ds96nlmg4g600?imageView2/2/w/120/format/jpg,28,http://sns-webpic-qc.xhscdn.com/202512102100/e06a1d2636961663c139195c734fa575/comment/1040g2h030r4conv1hk5g49b516ds96nli68qhdo!nd_whgt34_webp_wm_1,0,1765371601128,5
66c19833000000000a017051,1723963443000,,64df2244000000000c035b2c,2002年全家买了中宏保险公司四个保单，总计16000/年。2012年妻子有一次一个月内因同一种病二次住院被拒保，退保损失16000元；我坚持交完全部保费结果被收🈹️的血淋淋，关注我你不会再被🈹️,5c344e9e000000000703bb4c,上海大叔,https://sns-avatar-qc.xhscdn.com/avatar/1040g2jo31m8e0mrd5m605n1k9qf1veqc8v165cg?imageView2/2/w/120/format/jpg,6,,0,1765371601132,1
660196d0000000000b014117,1711380176000,,64df2244000000000c035b2c,我也买这个中宏了，大家建个群，怎么样？方便交易和沟通，和我有一样想法的可以先加我,573a941a6a6a69779ef726db,金条闪闪,https://sns-avatar-qc.xhscdn.com/avatar/566460541c29d448e336250c71ec151a.png?imageView2/2/w/120/format/jpg,14,,0,1765371601135,2
66cfec5a000000000a0151f9,1724902491000,,64df2244000000000c035b2c,一家三口都买了，缴费满了20年，差不都70万，要等死了才能受益，真是个大傻瓜，,635a547c0000000018029e40,芸芸众生,https://sns-avatar-qc.xhscdn.com/avatar/635a547c0000000018029e40.jpg?imageView2/2/w/120/format/jpg,18,,0,1765371601138,1
6680a91a000000001802b030,1719707930000,,64df2244000000000c035b2c,中宏这保险就是骗子，当时跟我爸妈讲缴满20年，60岁能一次性领出来，不领出来每月领退休金，现在告知80岁才能领出来，每月也没有退休金领，缴了17年就给过一次利息7600元。我爸妈上个保险就是当年卖保险的说60岁一次性能领出来 ，根本没提80岁才能领出来的事。,630354f8000000000f006fdd,不跟淡紫儿理论,https://sns-avatar-qc.xhscdn.com/avatar/1040g2jo30v7t9m23lg005oo3ajs3orut128r8do?imageView2/2/w/120/format/jpg,6,,0,1765371601141,0
64df2bed000000001803ad75,1692347373000,,64df2244000000000c035b2c,发图片看看现金价值,6034dec20000000001006400,小红薯66E8DF4C,https://sns-avatar-qc.xhscdn.com/avatar/ae351b5abc78ae2e8d79998354db8440.jpg?imageView2/2/w/120/format/jpg,6,,0,1765371601143,1
67b3f107000000001b038576,1739845895000,,64df2244000000000c035b2c,我交7年了，这是我亲戚卖这个保险的时候让我买的，他也说是养老费然后到期了还能提出来，我就买了，最近又问她，她说死了才能提出，我真的无语我,5ad20b5e6b58b73c325bc115,只想暴富,https://sns-avatar-qc.xhscdn.com/avatar/1040g2jo31nma63nrkq704a4hgi5ltg8lv1vnl30?imageView2/2/w/120/format/jpg,6,,0,1765371601145,0
64df4937000000001c014a34,1692354871000,,64df2244000000000c035b2c,我们中宏买的应该也是重疾险吧 2次住院手术一分都没的 一年也是1万多[失望R],5ff91c69000000000101f28b,拾🌕,https://sns-avatar-qc.xhscdn.com/avatar/1040g2jo318sget3d46005nvp3hkgbskbq419d9o?imageView2/2/w/120/format/jpg,11,,0,1765371601147,3
64ec4a3e000000001a034510,1693207102000,,64df2244000000000c035b2c,你这张保单交了十几年，还有几年就交清了，中途退保可惜了。,64479700000000002901692e,谢虹,https://sns-avatar-qc.xhscdn.com/avatar/1040g2jo31hb93uka340g5p27is0aaq9erahv488?imageView2/2/w/120/format/jpg,3,,0,1765371601148,7
64df297e000000000e0017c1,1692346750000,,64df2244000000000c035b2c,有分红，有重疾，作为基础保障还真不算是坑,556c389262a60c174c29a231,萧小五,https://sns-avatar-qc.xhscdn.com/avatar/1040g2jo314ajff3hmk2g40njmps958hhhfolhh0?imageView2/2/w/120/format/jpg,3,,0,1765371603478,2
65f71558000000000b017a72,1710691672000,,64df2244000000000c035b2c,退了真的蛮可惜的，我也买的中宏的保险，自己买了重疾和百万医疗，给爸妈买了百万医疗。其实买保险我觉得并不是为了一定要赚钱分红，重疾这种是基础的医疗保障，是给自己的健康加一个杠杆，你要返钱的就选择另外的产品，毕竟现在生病的概率真的太高了，还是需要有个这种托底的。买保险主要还是看你的代理人和公司，有个负责的代理人真的很重要，我的代理人都是拉了群的，大家随时可以在群里交流，也会给我们分享保险相关知识，让我们去医院就一定要跟她说，所以我觉得还是蛮好的，而且他们医疗资源真的还是可以，毕竟看到我周围有人因为他们收益了[斜眼R],5bdc3fdeed099a0001c32f9b,Momo,https://sns-avatar-qc.xhscdn.com/avatar/624c772df5159cf5f2947ebd.jpg?imageView2/2/w/120/format/jpg,6,,0,1765371603481,8
66fa22b0000000002002030c,1727668913000,,64df2244000000000c035b2c,中宏就是大骗子，15年被忽悠买了一份，居然隐瞒关键信息，保费一年比一年高，也没人解释，说要退保只退现金价值！,66ed2c4c000000001d0335f4,🍒Lily,https://sns-avatar-qc.xhscdn.com/avatar/645b6abf2e368555521befcc.jpg?imageView2/2/w/120/format/jpg,3,,0,1765371603483,1
664eb52c000000001c037796,1716434220000,,64df2244000000000c035b2c,"从此我每年按时缴费4320元，二份保险合同缴费至2024年4月24日，共计缴费9.504万元人民币。到期2024年4月25日我去中宏保险公司上海分公司领钱，被柜台业务员告知：到期给付3万元+9万本金，一共是12万元。（另外身故给付3万+2万现在不能领。）
         22年期盼到期给付47万元做养老金，如今养老金泡汤了，中宏保险公司等于是杀了我啊！请教律师发现保险合同暗藏玄机步步是坑，根本就个流氓合同！我唯有一死维权了。我做鬼也不会放过中宏保险公司的法人何达德！",5c344e9e000000000703bb4c,上海大叔,https://sns-avatar-qc.xhscdn.com/avatar/1040g2jo31m8e0mrd5m605n1k9qf1veqc8v165cg?imageView2/2/w/120/format/jpg,4,,0,1765371603486,0
64df7a27000000002d002442,1692367399000,,64df2244000000000c035b2c,两全返还型，还可以啊,60423d0d0000000001002fe8,Jerry,https://sns-avatar-qc.xhscdn.com/avatar/1040g2jo31can6goq12005o227k6g8bv8omcbm4o?imageView2/2/w/120/format/jpg,4,,0,1765371603489,7
67569fcb000000001b0023e1,1733730252000,,64df2244000000000c035b2c,我的本钱都回不来，好想退[笑哭R]为自己无知买单,5a4f65f7e8ac2b0945353c10,小momo一枚,https://sns-avatar-qc.xhscdn.com/avatar/1040g2jo31646b3mqgs5g4a0m4uivef0g4f7bs1o?imageView2/2/w/120/format/jpg,2,http://sns-webpic-qc.xhscdn.com/202512102100/2b2cb11ea48d6a56e9098f3ff8d8491c/comment/1040g2h031b694o3b7q504a0m4uivef0g05m4ah0!nd_whgt34_webp_wm_1,0,1765371603493,1
65a0c569000000000102e1a9,1705035113000,,64df2244000000000c035b2c,我的买了说60岁能 拿一笔60万港币退休金，死了赔200万,5c92213f0000000016035abf,猫米乐,https://sns-avatar-qc.xhscdn.com/avatar/653fcb8eddd7d5add99cc8a6.jpg?imageView2/2/w/120/format/jpg,3,,0,1765371603495,0
6807b2710000000004018e2a,1745334897000,,64df2244000000000c035b2c,中宏真差劲！给老人买的防癌医疗险，现在出险了就不给续保！理赔时候，各种刁难，客服还说你就付了2000多保费，报销了几万块这种话中有话。,5a87909b4eacab3ec2122bc0,胖胖小囡,https://sns-avatar-qc.xhscdn.com/avatar/5d5812db294b510001460b7f.jpg?imageView2/2/w/120/format/jpg,2,,0,1765371603496,0
64df30990000000018038b6b,1692348569000,,64df2244000000000c035b2c,正是因为大家对保险了解的太少了，保险的本质是合同，退保属于投保人违约啊，尤其在交费期退保铁定有损失。所以买保险之前一定一定要了解清楚,542f3efbd6e4a91d8952c89c,大隐隐于市的CC,https://sns-avatar-qc.xhscdn.com/avatar/1040g2jo30psod8icmm00400a1cvfni4srabrbn0?imageView2/2/w/120/format/jpg,3,,0,1765371603498,9
660ab9370000000005003b9b,1711978807000,,64df2244000000000c035b2c,健康生活，早睡早起，哪那么容易生大病。给你看的计划书，什么条款都没有，等你付钱了，条款都在最后的合同里出来了，你都不知道，以为和之前内容一样。什么人都能去卖保险，你以为是多专业的人士？,5dcb9abc0000000001005d49,xiaodingdang,https://sns-avatar-qc.xhscdn.com/avatar/5dcb9b26c8c2e40001d01d73.jpg?imageView2/2/w/120/format/jpg,1,,0,1765371603499,0
64df23e1000000001a03ba9a,1692345313000,,64df2244000000000c035b2c,我看着这个重疾住院都理赔，还有红利，你问问你现在里边有多少利息了,62cd5602000000000303c309,母婴基地,https://sns-avatar-qc.xhscdn.com/avatar/cd255d0e201935e0d852bd371f18c198.jpg?imageView2/2/w/120/format/jpg,1,,0,1765371606067,1
66e29d30000000000c015854,1726127408000,,64df2244000000000c035b2c,中宏都是骗人的，她们里面有个职工还到处借钱，后面人就不见了，给中宏打电话人家不解决问题反而说是让我们自己报警。,5e7ac32900000000010028d1,Sss,https://sns-avatar-qc.xhscdn.com/avatar/6725e9a9a19061188b931275.jpg?imageView2/2/w/120/format/jpg,1,,0,1765371606070,0
6640bbbb000000000d0313f2,1715518396000,,64df2244000000000c035b2c,这个保险该可以吧！银行存款利率多低啊,60a988940000000001004a4a,十月October服装,https://sns-avatar-qc.xhscdn.com/avatar/630c88f66b4e1c5dff6b2384.jpg?imageView2/2/w/120/format/jpg,1,,0,1765371606074,0
67ca4217000000001801e9d4,1741308439000,,64df2244000000000c035b2c,保险行业本来就是靠认知差和业务员的嘴皮子，更何况这种保险公司，只要是个人都能去做[笑哭R],59dd8fbbde5fb43be4a93bb5,豆沙烤吐司,https://sns-avatar-qc.xhscdn.com/avatar/1040g2jo31mamjd07l86049srig7rmetli5euspg?imageView2/2/w/120/format/jpg,0,,0,1765371606076,3
680b392b000000001f0195e1,1745565996000,,64df2244000000000c035b2c,没看合同吗？我看过了，中宏重疾只针对重疾有3次赔付，每次只赔付一种重疾，如果这次重疾赔付30万就是封顶，不会再有赔付，30万是针对20万的保单。在交付期内得重疾保险公司比较亏，但交付期满后重疾赔付就跟你存钱持平。所以买重疾是个保障吧。也是逼自己硬存钱，这钱可以取出，但没什么红利。,5e3157fc00000000010023b9,鹿桥,https://sns-avatar-qc.xhscdn.com/avatar/1040g2jo31k400793k8605nhhavu088tpvjs5110?imageView2/2/w/120/format/jpg,1,,0,1765371606079,0
67700156000000001200d3c7,1735393622000,,64df2244000000000c035b2c,我姐夫买的中宏的重疾加百万医疗险，当时我姐姐坚持要给他买的，他自己就是和大多数一样没有认知，结果今年食管癌，重疾赔了50万，后面医疗费还都是百万医疗给报销的，现在说实话普通老百姓不生病还好，生病了医院都去不起，门诊看小毛病都好几千,5b98b4acbefb8200019d1332,张小薇,https://sns-avatar-qc.xhscdn.com/avatar/1040g2jo31g0aj6dj02004auhgpqao4piqqs1h30?imageView2/2/w/120/format/jpg,1,,0,1765371606082,3
664eb50b000000001c035e44,1716434188000,,64df2244000000000c035b2c,"2002年4月23日前高中同学戴某新来我上班的地方看我，我无意中说到准备买房子，她说买什么房子啊，现在大家都在买保险。她随即向我推荐购买中宏保险公司的“养老福星”分红两全保险和中宏“轻松保”分红终身寿险，我拿着看不懂的保单计划书问她，她说她也看不懂，“反正每年按时22年后可以拿47万元或1700元身故给付3万+2万，最高可以拿54万元。”
          几天后她把保险合同拿到我店里来签字，合同不规范根本看不懂，也没有人给我解释，我提问题戴某新也没有做解答，我架不住她的一再催促稀里糊涂就签了字。
",5c344e9e000000000703bb4c,上海大叔,https://sns-avatar-qc.xhscdn.com/avatar/1040g2jo31m8e0mrd5m605n1k9qf1veqc8v165cg?imageView2/2/w/120/format/jpg,1,,0,1765371606084,0
67323db7000000001a012a31,1731345848000,,64df2244000000000c035b2c,完全就是这个中介没跟你说清楚，这不坑人嘛，我就是做HK这家公司的，不得不说内地的中介也好，公司也好都坑的一批。我们团队的我学历都最低了，我还是是硕士学历，产品怎么样，都会给你讲的清清楚楚，你要是养老金类型的怎么会给你推荐买重疾，年7%分红的不香吗？,652b9183000000002a03682d,Zevi🌻,https://sns-avatar-qc.xhscdn.com/avatar/1040g2jo31a2ea40pmq005p9bi61qmq1dd9ksfa8?imageView2/2/w/120/format/jpg,1,,0,1765371606086,2
689364ce000000002b02010d,1754490062000,,64df2244000000000c035b2c,我是5年交了6万2，已经成功高额褪5万8，及时止损吧[害羞R],67c4040b000000000d00be86,小红薯68D3BF96,https://sns-avatar-qc.xhscdn.com/avatar/645b809d1b0ee4025dc47735.jpg?imageView2/2/w/120/format/jpg,0,,0,1765371606088,2
68275662000000001c036400,1747408482000,,64df2244000000000c035b2c,这个产品很好啊，现金价值高，我也买了[笑哭R][笑哭R]还后悔没多买点，这几年的产品更差了,63aede070000000026012149,星期天,https://sns-avatar-qc.xhscdn.com/avatar/669a2851b8315cc22c1b700f.jpg?imageView2/2/w/120/format/jpg,0,,0,1765371606089,1
691c0ac0000000001403748c,1763445440000,上海,64df2244000000000c035b2c,我买的当时业务员说是储蓄型，后面我朋友专门做保险的，和我说压根不是储蓄型，现在想退，连十分之一都退不回来,635380ea000000001901ca63,灵月,https://sns-avatar-qc.xhscdn.com/avatar/66c844b838f13de3869b78ff.jpg?imageView2/2/w/120/format/jpg,0,,0,1765371608477,0
682be850000000001c031c26,1747707984000,,64df2244000000000c035b2c,打了几个电话，提交了材料，基本全退回了,67dba88d000000000e0136f0,小红薯69287852,https://sns-avatar-qc.xhscdn.com/avatar/645b802c0f5b598e07f39dc7.jpg?imageView2/2/w/120/format/jpg,0,,0,1765371608480,0
692179590000000038032cb0,1763801434000,四川,64df2244000000000c035b2c,这个就是销售的原因了一开始没讲清楚  后续要退能退多少 全是看当时的现金价值值多少,5fba8010000000000101fba9,聂 辰,https://sns-avatar-qc.xhscdn.com/avatar/1040g2jo31k514ic730005ntqg080but940d5nm8?imageView2/2/w/120/format/jpg,0,,0,1765371608484,0
667d0666000000000500451b,1719469670000,,64df2244000000000c035b2c,中宏的百万医疗坑死了,60471c600000000001009122,哇哇,https://sns-avatar-qc.xhscdn.com/avatar/60471c600000000001009122.jpg?imageView2/2/w/120/format/jpg,0,,0,1765371608487,0
66b70155000000000a017cae,1723269462000,,64df2244000000000c035b2c,误导消费者的帽子戴给中宏保险公司应该合适吧？！,5c344e9e000000000703bb4c,上海大叔,https://sns-avatar-qc.xhscdn.com/avatar/1040g2jo31m8e0mrd5m605n1k9qf1veqc8v165cg?imageView2/2/w/120/format/jpg,0,,0,1765371608489,0
67149718000000002a02a3e7,1729402649000,,64df2244000000000c035b2c,哪位大神帮我看看，这个坑吗？,5ad0ee8b11be10209172320a,拇指白小T（城北万象城店）,https://sns-avatar-qc.xhscdn.com/avatar/1040g2jo31dkv6jc00u5g4a4goan8mcga7k3sb20?imageView2/2/w/120/format/jpg,0,http://sns-webpic-qc.xhscdn.com/202512102100/72f2a03ce731e49d4fca0feb2ea68877/comment/1040g2h03195pm28d586g4a4goan8mcgai77lo28!nd_whlt34_webp_wm_1,0,1765371608492,0
66621aeb0000000005024db3,1717705452000,,64df2244000000000c035b2c,所谓的养老金应该就是分红吧，有没有合同发上来大家分析看看,5a92bd6ee8ac2b2b6022243f,ste,https://sns-avatar-qc.xhscdn.com/avatar/1040g2jo31p2icns0is004a2bfvums91v6b7el18?imageView2/2/w/120/format/jpg,0,,0,1765371608494,0
67d5b947000000000f03899a,1742059848000,,64df2244000000000c035b2c,不是保险本身问题，而是给你提供服务的这个人不靠谱不坦诚,589dde8e82ec3939cedb54c1,二胎宝妈,https://sns-avatar-qc.xhscdn.com/avatar/1040g2jo31drkh19vg800494ik3f8sl614g7crb0?imageView2/2/w/120/format/jpg,0,,0,1765371608496,0
666848d1000000001b006633,1718110417000,,64df2244000000000c035b2c,我也被骗了，也是这家,62283b720000000010009f8d,Lazy Ruby,https://sns-avatar-qc.xhscdn.com/avatar/62283e273faa4200013cd39a.jpg?imageView2/2/w/120/format/jpg,0,,0,1765371608498,0
6888f4b1000000002b016f8c,1753806001000,,64df2244000000000c035b2c,受骗➕1,5c56f66b000000001b00be25,🍑,https://sns-avatar-qc.xhscdn.com/avatar/64718dbd3e6d2bf88800a3b7.jpg?imageView2/2/w/120/format/jpg,0,,0,1765371608499,0
66cfec8c000000000502d670,1724902541000,,64df2244000000000c035b2c,关键是就是生大病才能报30万，我脑子坏了，被忽悠的不清,635a547c0000000018029e40,芸芸众生,https://sns-avatar-qc.xhscdn.com/avatar/635a547c0000000018029e40.jpg?imageView2/2/w/120/format/jpg,0,,0,1765371610772,1
66f6532f000000002400f9cf,1727419183000,,64df2244000000000c035b2c,中宏确实不道德，理赔无人管，收钱无依据，客服之间相互推诿，工作人员踢皮球，关键销售人员无专业度，中宏处于走下坡路的企业,5c2f4b220000000007023902,Queenie🤩,https://sns-avatar-qc.xhscdn.com/avatar/1040g2jo311hfk2jnmo005n1f9ch1se824bil7oo?imageView2/2/w/120/format/jpg,0,,0,1765371610774,1
67e752fa000000001e022775,1743213307000,,64df2244000000000c035b2c,问题是有谁拿到过中宏长保无忧的重疾病理赔吗？,610b590e000000000100907b,多浪河,https://sns-avatar-qc.xhscdn.com/avatar/6260259fa53e6802a325b7a3.jpg?imageView2/2/w/120/format/jpg,0,,0,1765371610777,0
68a50c710000000030012d8c,1755647091000,,64df2244000000000c035b2c,中宏保险这是啥情况，交了20年 每年交5804，交🈵20年 居然本金都不到，到底啥时候能拿，怎么拿，有懂的专业人士吗,5aa9314611be10327eee21e9,糖宝宝,https://sns-avatar-qc.xhscdn.com/avatar/6251645c672bc6189278ec0a.jpg?imageView2/2/w/120/format/jpg,0,http://sns-webpic-qc.xhscdn.com/202512102100/3353b1044dc7d9ee5b4463b8ff48e1f9/comment/1040g2h031lcrvj2j52204a3bieokc8f92cjmee0!nd_whgt34_webp_wm_1,0,1765371610780,0
664eb4ee000000001c00c286,1716434159000,,64df2244000000000c035b2c,"
          430172436-8中宏保险合同
           430172438-4中宏保险合同
                            持有人：孙ＸＸ
                                     2024年5月",5c344e9e000000000703bb4c,上海大叔,https://sns-avatar-qc.xhscdn.com/avatar/1040g2jo31m8e0mrd5m605n1k9qf1veqc8v165cg?imageView2/2/w/120/format/jpg,0,,0,1765371610783,0
664c1ce70000000008000d6f,1716264167000,,64df2244000000000c035b2c,起码有15w身故金，始终会拿到，退了干嘛...还有重疾险，附加了医疗险。他们当然无所谓你退啊，佣金都拿到了。交了那么多年，给专业的人看一下嘛,56598470f53ee03f93c05920,黄咩仔,https://sns-avatar-qc.xhscdn.com/avatar/5fa7ebe8bbcf90000121b8fe.jpg?imageView2/2/w/120/format/jpg,0,,0,1765371610786,0
66250d6800000000150387e8,1713704296000,,64df2244000000000c035b2c,我自己看了，除了医疗和个养用来退税，其余都不考虑,5c032b1100000000050190ce,有趣的小爪子,https://sns-avatar-qc.xhscdn.com/avatar/1040g2jo31e8akmbs0kdg4buohplh346eadrnqvo?imageView2/2/w/120/format/jpg,0,,0,1765371610788,1
660517de000000001902a82d,1711609823000,,64df2244000000000c035b2c,十多年前我给娃也买了这款，但我忘了是要多久才能领钱，不会也是80吧[笑哭R],5dee339500000000010075d0,momo,https://sns-avatar-qc.xhscdn.com/avatar/1040g2jo318vdrsgp4c405nfe6eag8teg3h3a7og?imageView2/2/w/120/format/jpg,0,,0,1765371610790,0
65ffe28a0000000004029c9b,1711268491000,,64df2244000000000c035b2c,那你也是被保险人骗 公司不会骗人吧,5b7dfce676d03900017bde1f,香菜的🏡（软装中）,https://sns-avatar-qc.xhscdn.com/avatar/1040g2jo31j86j3si2o004aico5uedngv9eukr18?imageView2/2/w/120/format/jpg,0,,0,1765371610791,0
65f05c7f0000000004028274,1710251135000,,64df2244000000000c035b2c,您好，请问您这个最后退了多少，多大比例退的啊？我家里有人买了三个人的一年一万七千多，都交了七八年了，想退，怎样才能多退一些,6120c82600000000010081ee,🍊🍊,https://sns-avatar-qc.xhscdn.com/avatar/6120c82600000000010081ee.jpg?imageView2/2/w/120/format/jpg,0,,0,1765371610792,0
65bb0a410000000005037d8d,1706756673000,,64df2244000000000c035b2c,退了太可惜啦。,5a8d3c5de8ac2b6bdf1b5691,小红薯683AE61A,https://sns-avatar-qc.xhscdn.com/avatar/5a8d3c5de8ac2b6bdf1b5691.jpg?imageView2/2/w/120/format/jpg,0,,0,1765371613114,0
65768436000000003800fbb8,1702265910000,,64df2244000000000c035b2c,亲爱的，应该是买的时候没了解清楚，退保就相当于白交了那些年。我也损失过一个保单[失望R][笑哭R],5aaf097c11be105bb70b3a7f,莫念🙈,https://sns-avatar-qc.xhscdn.com/avatar/5cfd1e78f25e1a00013285c6.jpg?imageView2/2/w/120/format/jpg,0,,0,1765371613117,0
654465c9000000000403bb66,1698981321000,,64df2244000000000c035b2c,我们是一年两万，销售没说清楚每年保费还递增，后来问了说合用写了,54e4e11c2e1d933294cfdf57,👑Erica799👼✨🍓,https://sns-avatar-qc.xhscdn.com/avatar/1040g2jo31nap5vfimm10401e2ughpnqncvd2c58?imageView2/2/w/120/format/jpg,0,,0,1765371613119,1
654465590000000025020653,1698981209000,,64df2244000000000c035b2c,我们也买了，真的被骗了,54e4e11c2e1d933294cfdf57,👑Erica799👼✨🍓,https://sns-avatar-qc.xhscdn.com/avatar/1040g2jo31nap5vfimm10401e2ughpnqncvd2c58?imageView2/2/w/120/format/jpg,0,,0,1765371613122,0
64e03853000000002d000f8c,1692416083000,,64df2244000000000c035b2c,找的人不对而已[笑哭R],5de33c6000000000010038d6,fantasy,https://sns-avatar-qc.xhscdn.com/avatar/1040g2jo30sp76n8sjs005nf37hg08e6m5cf7eig?imageView2/2/w/120/format/jpg,0,,0,1765371613125,0
688723dc000000001a02bd9d,1753687005000,,64df2244000000000c035b2c,这家保险公司就是骗子千万不要买,56776bbbe4251d3b6f5c2c90,cherryyxh,https://sns-avatar-qc.xhscdn.com/avatar/64774702fda2cc4a8ee0ab2e.jpg?imageView2/2/w/120/format/jpg,0,,0,1765371613127,0
68122b16000000000103f61e,1746021142000,,64df2244000000000c035b2c,退保容易，生病了就后悔,5bc999de8b8fa40001f2e0b4,此生无悔入华夏,https://sns-avatar-qc.xhscdn.com/avatar/411309441983cdc4ce073ff8da73b5b6.jpg?imageView2/2/w/120/format/jpg,0,,0,1765371613131,1
6885d661000000001a028c7d,1753601634000,,688556980000000017031de4,你买的是意外险，你买寿险就没这个争议啊，你这种是无法区分什么原因导致身故，你举证不了是意外导致，死者是突出疾病导致意识丧失，还是滑倒导致严重颅脑损伤？,5c02abd20000000008014a50,crystal,https://sns-avatar-qc.xhscdn.com/avatar/1000g2jo2iqer1asj805g4buo7alt4iigoov1f38?imageView2/2/w/120/format/jpg,22,,0,1765371617425,8
6885989f0000000002006972,1753585824000,,688556980000000017031de4,简单呀，尸检就行了，想证明意外想要赔偿就尸检，遗体勘察能看出来啥，又没有透视眼哪看的出来是不是心梗脑梗导致的摔倒，你这既要又要呀，还想什么都不做就要人家赔，你自己开一家吧,5cf973210000000005039c83,温雅涵,https://sns-avatar-qc.xhscdn.com/avatar/63b3e550bb177541319b97b2.jpg?imageView2/2/w/120/format/jpg,3,,0,1765371617428,8
68855aae000000001a02e57f,1753569967000,,688556980000000017031de4,"是心梗/脑梗发作导致的晕倒最后抢救失败身故？还是踩滑了倒地最后抢救失败身故？都不影响家人选择抢救。到最后要理赔，是要明确原因先。
并不是说，只要倒地就等于意外事故嘛。
意外的定义:外来的突发的非本意的非疾病的对身体造成伤害的客观事件。",5a94a2d14eacab19f6dc4fe4,了不起的申安心,https://sns-avatar-qc.xhscdn.com/avatar/6470997858a4b43ebb2010d6.jpg?imageView2/2/w/120/format/jpg,8,,0,1765371617432,7
68858bf1000000000400b73a,1753582577000,,688556980000000017031de4,"因为洗澡滑倒以后发现时已经没有了心跳和呼吸，所以最后的抢救只做了心肺复苏，医院也无法判断是什么原因导致的死亡，最后医院给出的死亡推断证明虽然写的是急性心肌梗死？但是打了一个大大的问号，中宏保险就依据这份推断性死亡证明给出了拒赔的决定，拒赔理由完全忽视滑倒的意外性质及其自身未验尸的过错。  
依据《保险法》第二十一条、二十二条及《保险理赔管理办法》第十六条：  
> 保险公司接到报案后应及时调查勘验，因保险人怠于履职致使事故性质无法认定的，不得以此为由拒赔。",5576806358944676d9acc903,伊辰,https://sns-avatar-qc.xhscdn.com/avatar/5576806358944676d9acc903.jpg?imageView2/2/w/120/format/jpg,7,,0,1765371617440,0
6885db5e0000000001022f51,1753602911000,,688556980000000017031de4,尸检如果保司不来，举证方面，他们应该是吃亏的一方。我觉得赔偿案可以支持。,5ce498bd0000000018008e7f,长沙潘律师,https://sns-avatar-qc.xhscdn.com/avatar/1040g2jo31krl5vfsj26g5n74j2um13jv473turo?imageView2/2/w/120/format/jpg,7,,0,1765371617447,3
68875b370000000011019e7d,1753701176000,,688556980000000017031de4,"你的保险代理人呢？
这种涉及通融的情况，他应该在你和公司之间沟通。

我们同事就处理过意外的案子，也是疾病导致的身故，通过经纪公司跟保司沟通，协商赔到了80%
因为我们是经纪公司，有自己的理赔部，出现问题就会有理赔部跟保司理赔部沟通，争取理赔，不用客户自己去碰壁。

我网上看到很多保司代理人说的挺好的，自己公司的产品，理赔肯定更顺利的，不像经纪公司，又不是他们赔钱。那这种情况找你的保险代理人沟通，相信会有好结果。[握手R]",6235ae51000000001000c128,靠谱的嘉妈MA,https://sns-avatar-qc.xhscdn.com/avatar/66cf27172951ab000142f341.jpg?imageView2/2/w/120/format/jpg,11,,0,1765371617449,0
6886dd65000000001a02b444,1753668965000,,688556980000000017031de4,这里面确实有纠纷的地方，保司有拒赔的理由，从你提供的资料来讲没有显示是因为意外摔倒直接导致的身故，对你来讲也有可以争取的点，先协商，实在不行就走诉讼了,65fbe0fd000000000b00e3f8,桐爸说保,https://sns-avatar-qc.xhscdn.com/avatar/1040g2jo31l02ddaej2605pfrs3uipovorfdo6n0?imageView2/2/w/120/format/jpg,5,,0,1765371617451,1
688705ca000000000900d216,1753679306000,,688556980000000017031de4,逻辑不通，意外是啥都搞不懂,6244e9d5000000002102abbd,小红薯6245C63B,https://sns-avatar-qc.xhscdn.com/avatar/166ad12ae9a7f6fbb4bbbf88d417895f.jpg?imageView2/2/w/120/format/jpg,2,,0,1765371617454,3
689221060000000029034998,1754407175000,,688556980000000017031de4,按照楼主的描述，她爸爸确实是因意外导致的身故啊！这还有什么可争论的呢？意外就是近因！中宏保险在理赔时的不作为本身就输理了，没什么可说的，起诉中宏保险！,6006e00b0000000001003534,菲比寻常Faye,https://sns-avatar-qc.xhscdn.com/avatar/1040g2jo31bucd7n50s005o06s05g8d9kk8e51mg?imageView2/2/w/120/format/jpg,2,,0,1765371617455,3
688612b10000000019026bbe,1753617073000,,688556980000000017031de4,痛失亲人，节哀，抱抱。去世原因,6117928a0000000001006c90,虎牙妹很飒,https://sns-avatar-qc.xhscdn.com/avatar/1040g2jo30vtg7vubm0605o8nia508r4gvras7qo?imageView2/2/w/120/format/jpg,1,,0,1765371617456,0
6886cd35000000000f03d95b,1753664821000,,688556980000000017031de4,你应该起诉，而且已经你们已经主张过验尸，保司不来，你们走起诉，他们要证明非意外，需要他们举证，以及你们送医的病历上有没有明确写意外摔倒，如果有，那综合以上起诉获赔概率很高,611df5d00000000001003307,爱销售的考拉,https://sns-avatar-qc.xhscdn.com/avatar/631f2b564c0fa42dedebc60c.jpg?imageView2/2/w/120/format/jpg,1,,0,1765371619833,1
6886d5ac000000000602c648,1753666988000,,688556980000000017031de4,派出所的“意外”，是排除刑事案件，并不是区分疾病原因或者“意外事故”原因。摔倒，很难导致心梗、脑梗。,62d5aa08000000000e00f928,北京冰哥（友邦十六年）,https://sns-avatar-qc.xhscdn.com/avatar/64109c4294e6bf2ea7659321.jpg?imageView2/2/w/120/format/jpg,1,,0,1765371619836,0
68a13019000000002700b7c8,1755394073000,,688556980000000017031de4,楼主节哀！如果你心里非常清楚家人的身体状况 没有任何基础病，比如高血压 高血脂之类的，你可以起诉 最后尸检结果出来就是摔倒导致的死亡 那属于意外 一定赔 反之 万一尸检出来有基础病 那么摔倒也只是死亡的外因 基础病导致 才是内因 可能还是不会赔 你要认真考虑 个人建议[抱拳R],5ce926e2000000001602676d,李洪霞,https://sns-avatar-qc.xhscdn.com/avatar/1040g2jo30rpi6uqkim005n794rh5kprdecbtbbo?imageView2/2/w/120/format/jpg,0,,0,1765371619838,1
6885b891000000001b03dff0,1753594001000,,688556980000000017031de4,小朋友意外摔伤，磕到了脑袋申请理赔的时候要求小朋友举着身份证拍一张照片从那之后远离中宏保险,6422c2be0000000011020ea9,坦白说,https://sns-avatar-qc.xhscdn.com/avatar/1000g2jo2nk0lpmcjq0105p12oav4c3l9q60f6l8?imageView2/2/w/120/format/jpg,1,,0,1765371619841,1
68878d89000000000900f0ab,1753714057000,,688556980000000017031de4,类似案子有协商部分理赔过，说到底大家都不太好证明（或者已经无法证明）于是各退一步（客户也同意不想折腾了）……,5c0bce2b0000000005019c87,土豆的亲妈,https://sns-avatar-qc.xhscdn.com/avatar/636d06c30b5102202a7f4692.jpg?imageView2/2/w/120/format/jpg,0,,0,1765371619843,0
688e9f14000000002b02c804,1754177301000,,688556980000000017031de4,中宏的，呵呵~一样的诉求中，我也在诉求，帮我评论互助下吧[哭惹R],5659b10ae4251d628b0cdac4,yangjunat,https://sns-avatar-qc.xhscdn.com/avatar/1040g2jo31a3i7c6lng0043eosooglmm4sbsekrg?imageView2/2/w/120/format/jpg,0,,0,1765371619845,0
688c8287000000002b014831,1754038920000,,688556980000000017031de4,医院就能开证明啊，送到医院会望闻问切啊，说滑倒了，死亡证明确实不会写意外，但是医生诊断可以写,629c410d000000001b02be18,七七侠仔,https://sns-avatar-qc.xhscdn.com/avatar/1040g2jo318qki2tck66g5oks846mtfgo7ouron8?imageView2/2/w/120/format/jpg,0,,0,1765371619847,0
688c00ab000000002b0088c8,1754005675000,,688556980000000017031de4,这种无法判断直接死亡原因的，大多数保险公司都会不赔。诉讼后，大概率就赔了。理赔员需要有个“背锅”的。对理赔人来说，一份工作而已，无冤无仇干嘛不给赔，只是“很难界定责任，不敢赔罢了”,63536a58000000001202546e,姚记自贡冷吃,https://sns-avatar-qc.xhscdn.com/avatar/1040g2jo31ok7sl10mm6g5oqjd9c4kl3e3i5b5r0?imageView2/2/w/120/format/jpg,0,,0,1765371619849,2
688b65a8000000002903b8e0,1753965992000,,688556980000000017031de4,好好笑哦,606be3ce0000000001005c47,SheltonSohn,https://sns-avatar-qc.xhscdn.com/avatar/1040g2jo31nhtbd13lm0g5o3bsf708n27fmdr0o0?imageView2/2/w/120/format/jpg,0,,0,1765371619850,0
6889d84b000000002b017aa4,1753864267000,,688556980000000017031de4,找律师诉讼,5b352f5ff7e8b953c330152d,永达理保险斌哥,https://sns-avatar-qc.xhscdn.com/avatar/1040g2jo31obgq02t6g5g4a6lq7nlu59dms6kce8?imageView2/2/w/120/format/jpg,0,,0,1765371619852,0
688a2044000000002a00da7c,1753882693000,,688556980000000017031de4,意外险确实是这样的，但老人年纪大了，如果是摔倒猝死很大可能是由于心梗导致的。这种有异议的情形下尸检是最有效的,5e6f2a1b0000000001008bb1,momo,https://sns-avatar-qc.xhscdn.com/avatar/1040g2jo31giq71dh3c005njf58dg92thmf6721g?imageView2/2/w/120/format/jpg,0,,0,1765371622121,0
6888dee7000000002902b9eb,1753800423000,,688556980000000017031de4,意外险不能代替寿险,56a62c4d4775a77b0e24244c,无忧保险家,https://sns-avatar-qc.xhscdn.com/avatar/1040g2jo31du0tjtb0m0045c4t6m4q92ca1jrrpg?imageView2/2/w/120/format/jpg,0,,0,1765371622123,1
688a6188000000002a00d85b,1753899400000,,688556980000000017031de4,天啊，居然会问要不要为了钱犹豫是不是先救人？？？！！！汝听，人言否,63564c94000000001802b151,非典型前码农,https://sns-avatar-qc.xhscdn.com/avatar/63564c94000000001802b151.jpg?imageView2/2/w/120/format/jpg,0,,0,1765371622126,1
6886ca95000000000f03ce08,1753664150000,,688556980000000017031de4,楼主节哀。这个案子按照目前描述的情况，可能在任何保险公司，无论是否120可能都不太容易得到理赔。意外险理赔，需要意外因素是身故的直接原因，由意外造成了保险事故。比如被车撞到，巨大冲击会直接导致身体受损。但是如果说一般的摔倒，对于普通人来说不构成巨大伤害。但是诱发了心梗等疾病，这个时候，心梗疾病会成为身故的直接原因，而不是摔倒本身，则不算是意外。另外其中可能还有个影响点，是洗澡时先心梗再摔倒，还是摔倒再心梗，本身可能也处于模糊阶段。很遗憾保险在功能上存在非常特定的情况，其他险种也许能覆盖类似风险，但意外险不太能解决类似问题。,64a523bc0000000025036bdd,买方投顾大鱼哥,https://sns-avatar-qc.xhscdn.com/avatar/1040g2jo319c8g2p9lm605p554eu9equtch9116o?imageView2/2/w/120/format/jpg,0,,0,1765371622129,2
6886b02d000000000900e025,1753657390000,,688556980000000017031de4,你要不把医院的证明和相关资料截图发上来更直观，避免信息传递的衰减和误差,65d21dd5000000000b033b3c,源源历险记,https://sns-avatar-qc.xhscdn.com/avatar/1040g2jo312l7p0eink605pei3naiueps39fu4s0?imageView2/2/w/120/format/jpg,0,,0,1765371622134,2
6886f948000000000400a4ec,1753676105000,,688556980000000017031de4,节哀。意外险只保意外，如果是寿险就没有争议。死亡原因只看看医院出的证明，这个是保险公司理赔的重要依据。什么原因导致的死亡需要确认。,556410aa62a60c7201af7386,akane_dai,https://sns-avatar-qc.xhscdn.com/avatar/1040g2jo31fpdl95b0g0040mfnc8akss6rqtn970?imageView2/2/w/120/format/jpg,0,,0,1765371622137,1
689ca2c500000000300117f9,1755095750000,,688556980000000017031de4,摔倒比如说摔到头，死因应该有硬膜下出血的吧，死因是否外伤可以写清楚的。不过保司也可能认为是自身疾病导致摔倒。这种一般要开庭判赔,62df58e4000000001f01714b,温州明亚林Jay,https://sns-avatar-qc.xhscdn.com/avatar/62df58e4000000001f01714b.jpg?imageView2/2/w/120/format/jpg,0,,0,1765371622141,1
6894a173000000002b019092,1754571123000,,688556980000000017031de4,真避雷,5a9e39d34eacab3847a90595,VV爱吃辣,https://sns-avatar-qc.xhscdn.com/avatar/63fa0284f291fa54a8845a1c.jpg?imageView2/2/w/120/format/jpg,0,,0,1765371622143,0
68899b88000000002a01835f,1753848713000,,688556980000000017031de4,意外险要是意外导致，你这个应该是医院写的死亡原因是疾病。打官司你要证明摔倒导致心梗，而不是心梗导致摔倒,5af46cf8e8ac2b6f67373347,叮铃铃,https://sns-avatar-qc.xhscdn.com/avatar/1040g2jo319t8nplgni5g4a5794mfgcq7qpaau6o?imageView2/2/w/120/format/jpg,0,,0,1765371622144,1
688f2bea0000000029028356,1754213354000,,688556980000000017031de4,保险公司只是按照条款理赔，而是否理赔是按照医生开的病历作依据,5d289ddb0000000010007f41,小蔷薇,https://sns-avatar-qc.xhscdn.com/avatar/5d289e392ef6300001fce79e.jpg?imageView2/2/w/120/format/jpg,0,,0,1765371622145,0
689bd68a000000003000964e,1755043466000,,688556980000000017031de4,[石化R]这种情况为啥你要火化遗体，你可以找司法鉴定机构做解剖，确定准确的死因啊,58da09ae82ec393550a93b88,🌸婉颜0233,https://sns-avatar-qc.xhscdn.com/avatar/5fe1c301446f2526f8fe1d09.jpg?imageView2/2/w/120/format/jpg,0,,0,1765371624444,2
688608330000000006006f26,1753614388000,,688556980000000017031de4,医院都写急性心肌梗死了，那只能拿出更有力的证据推翻这个结论才能拿到意外险的赔偿。这很合理啊,5ed1f923000000000101d25f,momo,https://sns-avatar-qc.xhscdn.com/avatar/63fca6713cd9ccd92bf83538.jpg?imageView2/2/w/120/format/jpg,0,,0,1765371624447,6
6889f230000000002b0238da,1753870896000,,688556980000000017031de4,也不是中宏一家是这样的咯，所有保险公司都是一样的流程[抠鼻R][抠鼻R][抠鼻R]照这么说避雷大家都别买保险了呗,54e7f87ab4c4d642ce829b3c,双面么么,https://sns-avatar-qc.xhscdn.com/avatar/54e7f87ab4c4d642ce829b3c.jpg?imageView2/2/w/120/format/jpg,0,,0,1765371624450,3
688bf6fd0000000029025eb3,1754003197000,,688556980000000017031de4,做尸检,59ba598d51783a354b69d8eb,无趣的ALEX,https://sns-avatar-qc.xhscdn.com/avatar/59ba598fd1d3b940997c426d.jpg?imageView2/2/w/120/format/jpg,0,,0,1765371624453,0
68879e4e00000000090170f1,1753718350000,,688556980000000017031de4,医院如果不经查验就写心梗脑梗也是很不负责啊。难道就不能是外伤致颅脑损伤吗？如果是意外险，那这个死亡原因确实是会影响理赔的。,56b5b82ab8c8b4326b726ea0,大姚姚,https://sns-avatar-qc.xhscdn.com/avatar/1040g2jo30v8aeo9p5a6g45gapas2krl09acqnd0?imageView2/2/w/120/format/jpg,0,,0,1765371624457,1
6885580e0000000004009d0d,1753569295000,,688556980000000017031de4,不对啊。是疾病导致的滑倒还是滑倒导致的意外是不一样的。正确的做法是你自己去找第三方医学鉴定机构做尸检。然后拿着报告走司法程序,6034dec20000000001006400,小红薯66E8DF4C,https://sns-avatar-qc.xhscdn.com/avatar/ae351b5abc78ae2e8d79998354db8440.jpg?imageView2/2/w/120/format/jpg,0,,0,1765371624460,9
68862234000000001101ade0,1753621044000,,688556980000000017031de4,作者不是说了的吗？医院开的死亡推断证明打了一个大大的问号，说明医院也不清楚也只是推断啊，所以保险公司根据一个推断就给出拒赔的决定是不合理啊～,669e5f5e0000000024021269,坚持住,https://sns-avatar-qc.xhscdn.com/avatar/645b802027c6616ef4dc0b4a.jpg?imageView2/2/w/120/format/jpg,6,,0,1765371624465,1
688604d60000000002004839,1753613526000,,688556980000000017031de4,监管机构没有权利命令保险公司赔偿，它只能监督保险公司是否存在违规经营的行为！具体的赔案，如果有争议，只能走法律途径,6809d31e000000000e0100b3,深圳保险律师苏炜（专注保险拒赔案件),https://sns-avatar-qc.xhscdn.com/avatar/1040g2jo31h38ijdu3i005q09qcf3i05j20cp3kg?imageView2/2/w/120/format/jpg,0,,0,1765371624467,1
68860472000000001a02c333,1753613426000,,688556980000000017031de4,入院记录怎么记载的？有没有记载摔伤这一事实,6809d31e000000000e0100b3,深圳保险律师苏炜（专注保险拒赔案件),https://sns-avatar-qc.xhscdn.com/avatar/1040g2jo31h38ijdu3i005q09qcf3i05j20cp3kg?imageView2/2/w/120/format/jpg,0,,0,1765371624468,0
6885ff3e0000000019027307,1753612094000,,688556980000000017031de4,导致拒赔的原因并不是先报120还是110。意外身故确实需要满足意外的，突发的，非疾病的，非本意这四个因素。医院诊断的是急性心梗？，说明没有明显的意外导致身故的证据，比如颅脑外伤。这种跌倒身故确实有可能是因为突发疾病导致。虽然在家属看来，这也是意外，但实际是不符合意外因素的。这种情况建议和保司和解部分赔付。,5656973bcb35fb04e244d2c3,有丹姐不冒险,https://sns-avatar-qc.xhscdn.com/avatar/61cdb1c3b3180c1c44a9c876.jpg?imageView2/2/w/120/format/jpg,0,,0,1765371624469,2
6885b5d4000000001901ca28,1753593300000,,688556980000000017031de4,这的确是要勘查和证明的。近因原则。随便看看父亲名下还有没有其他寿险之类的。,55a4aa5141a2b342d9558176,小肥羊羊羊,https://sns-avatar-qc.xhscdn.com/avatar/1040g2jo31h0j3lvojs0040uuchl530bmqo5ahp0?imageView2/2/w/120/format/jpg,0,,0,1765371626724,0
6885b35e00000000180035c4,1753592671000,,688556980000000017031de4,洗澡滑倒，做为家人肯定第一时间打120救援啊。医院并不能明确死因，保险公司直接拒赔不合理。,5af280f3e8ac2b19ebbca053,云上看景,https://sns-avatar-qc.xhscdn.com/avatar/63e3e17d816f8b42466b483a.jpg?imageView2/2/w/120/format/jpg,0,,0,1765371626727,0
6885b23f000000001901f3c6,1753592383000,,688556980000000017031de4,所以你标签保监会不作为是真的么[笑哭R]这个指控其实很大的,5b40d2bee8ac2b160ebaf3e6,策藏不要秀,https://sns-avatar-qc.xhscdn.com/avatar/1000g2jo2q0bc018k60004a6ugo9btsv6ak67a20?imageView2/2/w/120/format/jpg,0,,0,1765371626731,0
68859f14000000000201af09,1753587477000,,688556980000000017031de4,意外身故这种杠杆巨高的险种，理赔门槛确实会比较高。不按规定的方式死或者没有在规定的时间内死，都理赔不了的,617123c1000000001f03b8b4,网络杠精,https://sns-avatar-qc.xhscdn.com/avatar/65d15debfcdd5351ae3184af.jpg?imageView2/2/w/120/format/jpg,0,,0,1765371626734,1
68859dfe0000000001021700,1753587199000,,688556980000000017031de4,这个拒赔很不合理，我主页整理了很多这类拒赔的抗辩依据你可以看看，胜诉概率还是很大的，不要轻易放弃哦,67b57351000000000a03ea14,鹭大律师事务所,https://sns-avatar-qc.xhscdn.com/avatar/9eccd147-840d-3341-9381-b4ce96899c14?imageView2/2/w/120/format/jpg,0,,0,1765371626737,0
688599e30000000001021a67,1753586147000,,688556980000000017031de4,我感觉我司是自己写情况说明呢[笑哭R]自己写案情经过，如果怀疑是疾病导致，会要求做尸检，如果不同意或者火化了，可能就够的扯了[笑哭R],5658732f7c5bb838a939bf45,keke,https://sns-avatar-qc.xhscdn.com/avatar/5658732f7c5bb838a939bf45.jpg?imageView2/2/w/120/format/jpg,0,,0,1765371626740,0
68857a9a000000001a02f298,1753578139000,,688556980000000017031de4,意外险对于因为疾病导致的身故，是不赔付的。保险学里的意外是指来自外界的非自身的因素导致的事件。因为犯病滑倒，那近因就是疾病。,66e66211000000001d023e15,加勒比之光,https://sns-avatar-qc.xhscdn.com/avatar/1040g2jo317omsss34a6g5pn6c88ncfgleedofs8?imageView2/2/w/120/format/jpg,0,,0,1765371626745,5
68856652000000000900e918,1753572947000,,688556980000000017031de4,抱抱你，但是据我的了解，确实也是需要相关证据证明是意外滑倒，这类条款其实不是某家公司自己定义，也是监管通过的要求来的。,5bab2a21f8802600013f7baf,没事到处逛逛,https://sns-avatar-qc.xhscdn.com/avatar/1040g2jo31meekga0l8004b5uf4l22utf29ai1k0?imageView2/2/w/120/format/jpg,0,,0,1765371626747,3
6885588900000000060042f7,1753569418000,,688556980000000017031de4,发拒赔通知书出来看看,62f1f187000000001e01fe53,🎾🎾小兽猫,https://sns-avatar-qc.xhscdn.com/avatar/1040g2jo310bp952pma605onhu63njvijc6jvo80?imageView2/2/w/120/format/jpg,0,,0,1765371626748,0
688557b1000000001100d9ab,1753569202000,,688556980000000017031de4,把条款拍一下放出来,5f5c58960000000001006340,书媛คิดถึง,https://sns-avatar-qc.xhscdn.com/avatar/1040g2jo31ngh5apa4s6g5nqsb2b08oq09r0ol38?imageView2/2/w/120/format/jpg,0,,0,1765371626749,0
6885854b000000000102085e,1753580875000,,688556980000000017031de4,放到任何一家保险公司，意外都要出局认定书，意外只赔意外发生的第三方造成的伤害，心梗脑梗那个是疾病身故，无理取闹只能说明自身认知低，不讲道理,5645b5a2c2bdeb7f5fa63ade,Nora.Sun 佳🐳,https://sns-avatar-qc.xhscdn.com/avatar/5c61d546ecf16100012e6d6f.jpg?imageView2/2/w/120/format/jpg,3,,0,1765371629097,6
689e992f000000003000bab8,1755224368000,,688556980000000017031de4,保险就是诈骗，我也买的中宏。唉当初同事让买的。说实话近些年的都是赔。我停了不准备交了，根本不给赔,5a95191311be10435a18b232,就酱⭐,https://sns-avatar-qc.xhscdn.com/avatar/1040g2jo317ret65g0o6g4a2s71ch7chin2ue56g?imageView2/2/w/120/format/jpg,2,,0,1765371629100,0
